Site ,VES,D1,D2,D3,D4,D5,D6,D7,D8,D9* (10),T1,T2,T3,T4,T5,T6,T7,T8,T9,Latitude (21),Longitude,HII,Standard HII,Frag Name,Forest Frag Code,Forest Type,Forest Type Code,DC,Wetland,Code,WPU,WetForest,WetFor,Simple,Date,Date1,Date2,StanDate,Julian1,"Avg,STD"
3 Mile Pond WMA (3 Mile Pond),-,-,-,-,-,-,-,0,-,-,-,-,-,-,-,-,-,-,-,42.145101,-73.31091,14,-0.69,Interior,7,Oak/Hickory Group,1,0,Lake,5,2,1,Oak Pond,3,8/3/2016,-,-,-0.265819689,16216,
Alleghany Bova beaver pond,-,1,-,-,-,-,-,-,-,-,-,-,-,-,-,-,-,-,-,42.10434,-78.71836,18,-0.28,Interior,7,Loblolly/Shortleaf Pine Group,2,1,Freshwater Pond,1,2,2,Pine Pond,4,7/7/2016,-,-,-0.335299018,16189,
Alleghany Rt. 2 beaver pond,-,1,-,-,-,-,-,-,-,-,-,-,-,-,-,-,-,-,-,42.07835,-78.71187,18,-0.28,Interior,7,Oak/Hickory Group,1,0,Freshwater Pond,1,2,1,Oak Pond,3,7/7/2016,-,-,-0.335299018,16189,
Alleghany Science Lake,-,1,-,-,-,-,-,-,-,-,-,-,-,-,-,-,-,-,-,42.01152,-78.76595,18,-0.28,Interior,7,Oak/Hickory Group,1,0,Freshwater Pond,1,2,1,Oak Pond,3,7/7/2016,-,-,-0.335299018,16189,
Ashby WMA (ASH 1),-,-,-,-,-,-,-,0,-,-,-,-,-,-,-,-,-,-,-,42.69,-71.87,18,-0.28,Interior,7,White/Red/Jack Pine Group,2,1,Freshwater Forested/Shrub Wetland,4,1,12,Pine Forested,2,6/8/2016,-,-,-0.409924963,16160,
Assabet River-tio-l Wildlife Refuge (VP 55),-,-,-,-,-,-,-,1,-,-,-,-,-,-,-,-,-,-,-,42.41,-71.49,27,0.64,Perforated,6,White/Red/Jack Pine Group,2,1,Freshwater Forested/Shrub Wetland,4,1,12,Pine Forested,2,5/24/2016,6/20/2016,4/28/2017,-0.448524591,16145,
Bigelow Pond,-,0,0,-,-,-,-,-,-,-,-,-,-,-,-,-,-,-,-,41.99471,-72.12681,13,-0.79,Interior,7,White/Red/Jack Pine Group,2,1,Lake,5,2,2,Pine Pond,4,5/19/2017,-,-,2.109344028,17139,
Birch Hill WMA (BHW),-,-,-,-,-,-,-,1,-,-,-,-,-,-,-,-,-,-,-,42.67,-72.11,14,-0.69,Perforated,6,Oak/Hickory Group,1,0,Freshwater Forested/Shrub Wetland,4,1,9,Oak Forested,1,6/16/2016,-,-,-0.389338496,16168,
Black Rock SF (Camp Roberts Pond),-,0,0,-,-,-,-,-,-,-,-,-,-,-,-,-,-,-,-,41.64939,-73.0973,29,0.85,Perforated,6,White/Red/Jack Pine Group,2,1,Freshwater Pond,1,2,2,Pine Pond,4,4/27/2016,-,-,-0.518003919,16118,388.604791
Bolton WMA (BOL 1),-,-,-,-,-,-,-,0,-,-,-,-,-,-,-,-,-,-,-,42.45,-71.66,35,1.46,Edge,5,Oak/Hickory Group,1,0,Freshwater Forested/Shrub Wetland,4,1,9,Oak Forested,1,6/8/2016,-,-,-0.409924963,16160,
Bolton WMA (BOL 2),-,-,-,-,-,-,-,0,-,-,-,-,-,-,-,-,-,-,-,42.46,-71.65,22,0.13,Edge,5,Oak/Hickory Group,1,0,Freshwater Forested/Shrub Wetland,4,1,9,Oak Forested,1,6/8/2016,-,-,-0.409924963,16160,
Bolton WMA (BOL 3),-,-,-,-,-,-,-,0,-,-,-,-,-,-,-,-,-,-,-,42.48,-71.63,14,-0.69,Interior,7,Oak/Hickory Group,1,0,Freshwater Forested/Shrub Wetland,4,1,9,Oak Forested,1,6/8/2016,-,-,-0.409924963,16160,
Breakneck WMA (BNEK),-,-,-,-,-,-,-,1,-,-,-,-,-,-,-,-,-,-,-,42.05,-72.11,28,0.74,Edge,5,Oak/Hickory Group,1,0,Freshwater Forested/Shrub Wetland,4,1,9,Oak Forested,1,6/17/2016,-,-,-0.386765187,16169,
Buck Road (Elmer NJ),-,-,-,-,-,-,-,0,-,-,-,-,-,-,-,-,-,-,-,39.58237166,-75.14254449,22,0.13,Unlabeled,1,Maple/Beech/Birch Group,3,0,Freshwater Pond,1,2,4,Maple Pond,3,5/4/2016,-,-,-0.49999076,16125,
Burr Pond,-,0,0,-,-,-,-,-,-,-,-,-,-,-,-,-,-,-,-,41.87422,-73.09432,14,-0.69,Interior,7,Oak/Hickory Group,1,0,Lake,5,2,1,Oak Pond,3,5/31/2016,-,-,-0.430511431,16152,
Carpenter Marsh WMA (CM),-,-,-,-,-,-,-,1,-,-,-,-,-,-,-,-,-,-,-,43,-72,14,-0.69,Interior,7,Oak/Hickory Group,1,0,Freshwater Emergent Wetland,3,1,5,Oak Emergent,1,6/9/2016,-,-,-0.407351655,16161,
CATO (91I-2),-,-,-,-,-,-,-,-,-,0,-,-,-,-,-,-,-,-,-,39.6903132,-77.4846244,14,-0.69,Undetermined,4,Oak/Hickory Group,1,0,Freshwater Pond,1,2,1,Oak Pond,3,4/28/2016,-,-,-0.515430611,16119,
CATO (Goose Pool),-,-,-,-,-,-,-,0,-,-,-,-,-,-,-,-,-,-,-,39.62407378,-77.42219363,18,-0.28,Perforated,6,Maple/Beech/Birch Group,3,0,Freshwater Pond,1,2,4,Maple Pond,3,4/28/2016,-,-,-0.515430611,16119,
Chapman reservoir,-,1,-,-,-,-,-,-,-,-,-,-,-,-,-,-,-,-,-,41.747276,-79.178788,18,-0.28,Perforated,6,Elm/Ash/Cottonwood Group,4,0,Lake,5,2,7,Other Pond,3,5/6/2016,-,-,-0.494844143,16127,
Cherry Valley NWR (Pool 1-Golf Course Pond),-,1,0,1,1,-,-,-,-,-,-,-,-,-,-,-,-,-,-,40.97,-75.17166,43,2.28,Perforated,6,Oak/Hickory Group,1,0,Freshwater Forested/Shrub Wetland,4,1,9,Oak Forested,1,5/4/2017,-,-,2.070744401,17124,
Cherry Valley NWR (Pool 2-Farm Pond 1),-,1,1,1,1,-,-,-,-,-,-,-,-,-,-,-,-,-,-,40.85,-75.35193,14,-0.69,Edge,5,Maple/Beech/Birch Group,3,0,Freshwater Pond,1,2,4,Maple Pond,3,5/4/2017,-,-,2.070744401,17124,
Cherry Valley NWR (Pool 3-Farm Pond 2),-,1,1,0,0,-,-,-,-,-,-,-,-,-,-,-,-,-,-,40.86,-75.34271,14,-0.69,Edge,5,Maple/Beech/Birch Group,3,0,Freshwater Forested/Shrub Wetland,4,1,14,Maple Forested,1,5/4/2017,-,-,2.070744401,17124,
CHOH (DC045),-,-,-,-,-,-,-,0,-,-,-,-,-,-,-,-,-,-,-,38.91391997,-77.10032,52,3.20,Unlabeled,1,Oak/Hickory Group,1,0,Freshwater Forested/Shrub Wetland,4,1,9,Oak Forested,1,4/27/2016,-,-,-0.518003919,16118,
CHOH (MD119B),-,-,-,-,-,-,-,-,-,0,-,-,-,-,-,-,-,-,-,38.9820299,-77.24006996,42,2.18,Edge,5,Oak/Hickory Group,1,0,Freshwater Forested/Shrub Wetland,4,1,9,Oak Forested,1,3/29/2016,-,-,-0.592629865,16089,
CHOH (MD124),-,1,-,-,-,-,-,-,-,-,-,-,-,-,-,-,-,-,-,38.98,-77.2428,42,2.18,Edge,5,Oak/Hickory Group,1,0,Freshwater Forested/Shrub Wetland,4,1,9,Oak Forested,1,3/29/2016,-,-,-0.592629865,16089,
CHOH (MD129),-,1,-,-,-,-,-,-,-,-,-,-,-,-,-,-,-,-,-,38.98,-77.2389,42,2.18,Edge,5,Oak/Hickory Group,1,0,Wetland,2,1,3,Oak Other,6,6/21/2017,3/29/2016,-,2.194263207,17172,
CHOH (MD143),-,1,1,-,-,-,-,-,-,-,-,-,-,-,-,-,-,-,-,38.98,-77.24,42,2.18,Edge,5,Oak/Hickory Group,1,0,Wetland,2,1,3,Oak Other,6,3/29/2016,-,-,-0.592629865,16089,
CHOH (MD144),-,1,-,-,-,-,-,-,-,-,-,-,-,-,-,-,-,-,-,38.98,-77.23,42,2.18,Edge,5,Oak/Hickory Group,1,0,Wetland,2,1,3,Oak Other,6,3/29/2016,-,-,-0.592629865,16089,
Clinton Wildlife Ma-gement Area (Pool 1),-,-,-,-,-,-,-,0,-,-,-,-,-,-,-,-,-,-,-,40.6459,-74.96128,38,1.77,Perforated,6,Oak/Hickory Group,1,0,Lake,5,2,1,Oak Pond,3,5/1/2017,-,-,2.063024475,17121,
Clinton Wildlife Ma-gement Area (Pool 2),-,-,-,-,-,-,-,0,-,-,-,-,-,-,-,-,-,-,-,40.64624,-74.96195,33,1.26,Perforated,6,White/Red/Jack Pine Group,2,1,Freshwater Forested/Shrub Wetland,4,1,12,Pine Forested,2,5/1/2017,-,-,2.063024475,17121,
Cockaponset State Forest (CSF 1),-,-,-,-,-,-,-,0,1,-,-,-,-,-,-,-,-,-,-,41.43,-72.55,18,-0.28,Interior,7,Oak/Hickory Group,1,0,Freshwater Forested/Shrub Wetland,4,1,9,Oak Forested,1,4/25/2016,-,-,-0.523150536,16116,
Cockaponset State Forest (CSF 4),-,-,-,-,-,-,-,0,-,-,-,-,-,-,-,-,-,-,-,41.3674724,-72.49846455,26,0.54,Interior,7,Oak/Pine Group,1,1,Freshwater Forested/Shrub Wetland,4,1,9,Oak Forested,2,4/25/2016,-,-,-0.523150536,16116,
Cockaponset State Forest (CSF 5),-,-,-,-,-,-,-,1,1,-,-,-,-,-,-,-,-,-,-,41.38,-72.49,26,0.54,Interior,7,Oak/Hickory Group,1,0,Freshwater Forested/Shrub Wetland,4,1,9,Oak Forested,1,4/25/2016,4/26/2016,-,-0.523150536,16116,
Cockaponset State Forest (CSF 6),-,-,-,-,-,-,-,-,-,0,-,-,-,-,-,-,-,-,-,41.43,-72.54,18,-0.28,Interior,7,White/Red/Jack Pine Group,2,1,Freshwater Emergent Wetland,3,1,8,Pine Emergent,2,4/25/2016,-,-,-0.523150536,16116,
Cockaponset State Forest (CSF 7),-,-,-,-,-,-,-,-,-,0,-,-,-,-,-,-,-,-,-,41.43,-72.54,18,-0.28,Interior,7,White/Red/Jack Pine Group,2,1,Freshwater Emergent Wetland,3,1,8,Pine Emergent,2,4/25/2016,-,-,-0.523150536,16116,
Cockaponset State Forest (CSF 8),-,-,-,-,-,-,-,-,-,0,-,-,-,-,-,-,-,-,-,41.43,-72.53,18,-0.28,Interior,7,White/Red/Jack Pine Group,2,1,Freshwater Forested/Shrub Wetland,4,1,12,Pine Forested,2,4/25/2016,-,-,-0.523150536,16116,
Cockaponset State Forest (CSF 9),-,-,-,-,-,-,-,-,-,0,-,-,-,-,-,-,-,-,-,41.43,-72.53,18,-0.28,Interior,7,White/Red/Jack Pine Group,2,1,Freshwater Forested/Shrub Wetland,4,1,12,Pine Forested,2,4/25/2016,-,-,-0.523150536,16116,
Cockaponset State Forest (Hackney Marsh),-,-,-,-,-,-,-,0,-,-,-,-,-,-,-,-,-,-,-,41.43,-72.55,18,-0.28,Interior,7,Oak/Hickory Group,1,0,Freshwater Forested/Shrub Wetland,4,1,9,Oak Forested,1,4/25/2016,4/26/2016,-,-0.523150536,16116,
Colis P. Huntington SP (Lily Pond),-,1,1,-,-,-,-,-,-,-,-,-,-,-,-,-,-,-,-,41.34777,-73.36008,24,0.33,Interior,7,Oak/Hickory Group,1,0,Freshwater Pond,1,2,1,Oak Pond,3,5/26/2017,-,-,2.127357187,17146,
Colleen's Pond,-,1,-,-,-,-,-,-,-,-,-,-,-,-,-,-,-,-,-,42.62851,-72.51579,35,1.46,Unlabeled,1,Maple/Beech/Birch Group,3,0,Freshwater Pond,1,2,4,Maple Pond,3,7/17/2017,-,-,2.261169228,17198,
Conservation Island site 1,-,1,-,-,-,-,-,-,-,-,-,-,-,-,-,-,-,-,-,41.30648,-75.20436,14,-0.69,Interior,7,Oak/Hickory Group,1,0,Lake,5,2,1,Oak Pond,3,6/9/2016,-,-,-0.407351655,16161,
Conservation Island site 2,-,1,-,-,-,-,-,-,-,-,-,-,-,-,-,-,-,-,-,41.306196,-75.204835,14,-0.69,Interior,7,Oak/Hickory Group,1,0,Lake,5,2,1,Oak Pond,3,6/9/2016,-,-,-0.407351655,16161,
Cummins Pond WMA (Cummins Pond),-,-,-,-,-,-,-,0,-,-,-,-,-,-,-,-,-,-,-,43.785083,-72.011943,11,-1.00,Interior,7,White/Red/Jack Pine Group,2,1,Lake,5,2,2,Pine Pond,4,7/29/2016,-,-,-0.278686232,16211,
Cunningham Falls State Park (Hunting Creek Lake),-,-,-,-,-,-,-,0,-,-,-,-,-,-,-,-,-,-,-,39.626006,-77.459955,14,-0.69,Perforated,6,Oak/Pine Group,1,1,Lake,5,2,1,Oak Pond,4,6/23/2016,-,-,-0.371325336,16175,
DC Costco Pool (by-tio-l Arboretum),-,-,-,-,-,-,-,-,-,0,-,-,-,-,-,-,-,-,-,38.92143326,-76.9464094,56,3.61,Unlabeled,1,Oak/Hickory Group,1,0,Freshwater wetland,4,1,9,Oak Forested,1,4/29/2016,-,-,-0.512857302,16120,
Delaware Water Gap Pool 992,-,1,-,-,-,-,-,-,-,-,-,-,-,-,-,-,-,-,-,41.06401,-75.02271,18,-0.28,Interior,7,Oak/Hickory Group,1,0,Freshwater Forested/Shrub Wetland,4,1,9,Oak Forested,1,4/29/2016,-,-,-0.512857302,16120,
Delaware Wild SF (Little Pond),-,1,1,-,-,-,-,-,-,-,-,-,-,-,-,-,-,-,-,42.03837,-74.7446,6,-1.51,Interior,7,Oak/Hickory Group,1,0,Freshwater Pond,1,2,1,Oak Pond,3,5/18/2017,-,-,2.106770719,17138,
Delaware Wild SF (Mud Pond),-,1,1,-,-,-,-,-,-,-,-,-,-,-,-,-,-,-,-,41.99881,-74.95944,10,-1.10,Interior,7,White/Red/Jack Pine Group,2,1,Freshwater Pond,1,2,2,Pine Pond,4,5/18/2017,-,-,2.106770719,17138,
Delware Water Gap Pool 888,-,1,-,-,-,-,-,-,-,-,-,-,-,-,-,-,-,-,-,41.087306,-74.997139,18,-0.28,Interior,7,Oak/Hickory Group,1,0,Freshwater Forested/Shrub Wetland,4,1,9,Oak Forested,1,4/29/2016,-,-,-0.512857302,16120,
Douglas State Forest (Aldrich Pond),-,-,-,-,-,-,-,0,-,-,-,-,-,-,-,-,-,-,-,42.03,-71.77,22,0.13,Interior,7,Oak/Hickory Group,1,0,Freshwater Forested/Shrub Wetland,4,1,9,Oak Forested,1,7/7/2016,-,-,-0.335299018,16189,
Douglas State Forest (Wallum Lake),-,-,-,-,-,-,-,0,-,-,-,-,-,-,-,-,-,-,-,42.01,-71.767341,14,-0.69,Perforated,6,Oak/Pine Group,1,1,Lake,5,2,1,Oak Pond,4,7/7/2016,-,-,-0.335299018,16189,
Douglas State Forest (Whitten Resvoir),-,-,-,-,-,-,-,0,-,-,-,-,-,-,-,-,-,-,-,42.07,-71.769646,14,-0.69,Interior,7,Oak/Hickory Group,1,0,Lake,5,2,1,Oak Pond,3,7/7/2016,-,-,-0.335299018,16189,
Dubuque State Forest (MOR),-,-,-,-,-,-,-,1,-,-,-,-,-,-,-,-,-,-,-,42.56,-72.9,14,-0.69,Interior,7,Oak/Hickory Group,1,0,Freshwater Emergent Wetland,3,1,5,Oak Emergent,1,7/5/2015,-,-,-2.916327413,15186,
Equinox Pond ,-,0,-,-,-,-,-,-,-,-,-,-,-,-,-,-,-,-,-,43.15623,-73.08717,14,-0.69,Perforated,6,Oak/Hickory Group,1,0,Freshwater Forested/Shrub Wetland,4,1,9,Oak Forested,1,5/16/2016,-,-,-0.469111058,16137,
Eva Marsh WMA (EVA),-,-,-,-,-,-,-,1,-,-,-,-,-,-,-,-,-,-,-,43,-71.98,14,-0.69,Interior,7,Oak/Hickory Group,1,0,Freshwater Emergent Wetland,3,1,5,Oak Emergent,1,6/9/2016,-,-,-0.407351655,16161,
Farmington River WMA (FR5),-,-,-,-,-,-,-,1,-,-,-,-,-,-,-,-,-,-,-,42.23,-73.11,18,-0.28,Interior,7,White/Red/Jack Pine Group,2,1,Freshwater Forested/Shrub Wetland,4,1,12,Pine Forested,2,6/1/2016,-,-,-0.427938123,16153,
Farmington River WMA (FR6),-,-,-,-,-,-,-,1,-,-,-,-,-,-,-,-,-,-,-,42.23,-73.11,18,-0.28,Interior,7,White/Red/Jack Pine Group,2,1,Freshwater Forested/Shrub Wetland,4,1,12,Pine Forested,2,6/1/2016,-,-,-0.427938123,16153,
Fisk Meadow WMA (Fisk Swamp),-,1,-,-,-,-,-,-,-,-,-,-,-,-,-,-,-,-,-,42.39032,-72.82222,14,-0.69,Interior,7,Oak/Hickory Group,1,0,Freshwater Emergent Wetland,3,1,5,Oak Emergent,1,7/20/2017,-,-,2.268889153,17201,
Forest Peters WMA (Burtt Wildlife Pond),-,-,-,-,-,-,-,0,-,-,-,-,-,-,-,-,-,-,-,43.201684,-71.204774,18,-0.28,Interior,7,White/Red/Jack Pine Group,2,1,Lake,5,2,2,Pine Pond,4,8/1/2016,-,-,-0.270966306,16214,
Frederick Municipal Forest,-,-,-,-,-,-,-,0,-,-,-,-,-,-,-,-,-,-,-,39.507952,-77.496272,14,-0.69,Edge,5,Maple/Beech/Birch Group,3,0,Freshwater Pond,1,2,4,Maple Pond,3,6/23/2016,-,-,-0.371325336,16175,
Frederick Municipal Forest (Alex's Pond),-,-,-,-,-,-,-,1,-,-,-,-,-,-,-,-,-,-,-,39.508618,-77.494933,14,-0.69,Edge,5,Maple/Beech/Birch Group,3,0,Freshwater Forested/Shrub Wetland,4,1,14,Maple Forested,1,6/23/2016,-,-,-0.371325336,16175,
Frederick Municipal Forest (Kathrine's Pond),-,-,-,-,-,-,-,1,-,-,-,-,-,-,-,-,-,-,-,39.506828,-77.49767,14,-0.69,Edge,5,Oak/Hickory Group,1,0,Freshwater Pond,1,2,1,Oak Pond,3,6/23/2016,-,-,-0.371325336,16175,
Frederick Municipal Forest (Laura's Pond),-,-,-,-,-,-,-,1,-,-,-,-,-,-,-,-,-,-,-,39.508687,-77.494219,14,-0.69,Edge,5,Oak/Hickory Group,1,0,Freshwater Pond,1,2,1,Oak Pond,3,6/23/2016,-,-,-0.371325336,16175,
Frog Pond 1,-,1,-,-,-,-,-,-,-,-,-,-,-,-,-,-,-,-,-,41.03011,-77.64115,18,-0.28,Perforated,6,Oak/Hickory Group,1,0,Freshwater Emergent Wetland,3,1,5,Oak Emergent,1,6/1/2016,-,-,-0.427938123,16153,
Frog Pond 2,-,1,-,-,-,-,-,-,-,-,-,-,-,-,-,-,-,-,-,41.03003,-77.6521,14,-0.69,Perforated,6,White/Red/Jack Pine Group,2,1,Lake,5,2,2,Pine Pond,4,6/24/2016,-,-,-0.368752028,16176,
Gambrill State Park (Gambrill Pond),-,-,-,-,-,-,-,0,-,-,-,-,-,-,-,-,-,-,-,39.454262,-77.495527,34,1.36,Transitional,2,Spruce/Fir Group,4,1,Freshwater Pond,1,2,7,Other Pond,4,6/23/2016,-,-,-0.371325336,16175,
Garland Pond WMA (Garland Pond),-,-,-,-,-,-,-,0,-,-,-,-,-,-,-,-,-,-,-,43.750898,-71.413732,18,-0.28,Interior,7,White/Red/Jack Pine Group,2,1,Lake,5,2,2,Pine Pond,4,8/1/2016,-,-,-0.270966306,16214,
Grafton Ponds (GP1),-,-,-,-,-,-,-,-,-,1,-,-,-,-,-,-,-,-,-,43.17,-72.61,17,-0.38,Interior,7,Oak/Hickory Group,1,0,Freshwater Pond,1,2,1,Oak Pond,3,4/11/2016,-,-,-0.559176855,16102,
Grafton Ponds (GP2),-,-,-,-,-,-,-,-,-,1,-,-,-,-,-,-,-,-,-,43.16,-72.61,13,-0.79,Interior,7,Oak/Hickory Group,1,0,Freshwater Ponds,1,2,1,Oak Pond,3,4/11/2016,-,-,-0.559176855,16102,
Grafton Ponds (GP3),-,-,-,-,-,-,-,-,-,1,-,-,-,-,-,-,-,-,-,43.16,-72.62,13,-0.79,Interior,7,Oak/Hickory Group,1,0,Freshwater Pond,1,2,1,Oak Pond,3,4/11/2016,-,-,-0.559176855,16102,
Great Swamp NWR (Harding Pool),-,-,-,-,-,-,-,0,-,-,-,-,-,-,-,-,-,-,-,40.72296,-74.49699,27,0.64,Transitional,2,Maple/Beech/Birch Group,3,0,Freshwater Forested/Shrub Wetland,4,1,14,Maple Forested,1,4/14/2016,-,-,-0.551456929,16105,
Great Swamp NWR (I64G),-,1,-,-,-,-,-,-,-,-,1,1,1,1,-,-,-,-,-,40.72,-74.47772,27,0.64,Unlabeled,1,Maple/Beech/Birch Group,3,0,Freshwater Forested/Shrub Wetland,4,1,14,Maple Forested,1,4/13/2016,-,-,-0.554030238,16104,
Great Swamp NWR (I64H),-,-,-,-,-,-,-,0,-,-,-,-,-,-,-,-,-,-,-,40.7215,-74.47919,27,0.64,Unlabeled,1,Maple/Beech/Birch Group,3,0,Freshwater Forested/Shrub Wetland,4,1,14,Maple Forested,1,4/13/2016,-,-,-0.554030238,16104,
Great Swamp NWR (I64I),-,-,-,-,-,-,-,0,-,-,-,-,-,-,-,-,-,-,-,40.72161,-74.47929,27,0.64,Unlabeled,1,Maple/Beech/Birch Group,3,0,Freshwater Forested/Shrub Wetland,4,1,14,Maple Forested,1,4/13/2016,-,-,-0.554030238,16104,
Great Swamp NWR (I84NS1),-,1,-,-,-,1,0,-,-,-,1,0,-,-,-,-,-,-,-,40.72,-74.47588,27,0.64,Unlabeled,1,Oak/Hickory Group,1,0,Freshwater Forested/Shrub Wetland,4,1,9,Oak Forested,1,4/13/2016,-,-,-0.554030238,16104,
Great Swamp NWR (I84NS3),-,1,-,-,-,-,-,-,-,-,1,1,-,-,-,-,-,-,-,40.72,-74.48083,27,0.64,Transitional,2,Maple/Beech/Birch Group,3,0,Freshwater Forested/Shrub Wetland,4,1,14,Maple Forested,1,4/13/2016,-,-,-0.554030238,16104,
Great Swamp NWR (Marsh),-,1,-,-,-,-,-,-,-,-,-,-,-,-,-,-,-,-,-,40.72,-74.47417,27,0.64,Unlabeled,1,Oak/Hickory Group,1,0,Freshwater Forested/Shrub Wetland,4,1,9,Oak Forested,1,4/13/2016,-,-,-0.554030238,16104,
Great Swamp NWR (Right of Way Pool),-,1,1,-,-,-,-,-,-,-,1,0,-,-,-,-,-,-,-,40.72,-74.42074,40,1.97,Unlabeled,1,Oak/Hickory Group,1,0,Freshwater Forested/Shrub Wetland,4,1,9,Oak Forested,1,4/13/2016,-,-,-0.554030238,16104,
Green Mountain National Forest (BeeBe Pond),-,-,-,-,-,-,-,1,-,-,-,-,-,-,-,-,-,-,-,43.05,-73.03,14,-0.69,Interior,7,Oak/Hickory Group,1,0,Freshwater Emergent Wetland,3,1,5,Oak Emergent,1,5/16/2016,5/18/2016,-,-0.469111058,16137,
Green Mountain National Forest (BP-Wall),-,-,-,-,-,-,-,1,-,-,-,-,-,-,-,-,-,-,-,43.42,-72.92,10,-1.10,Interior,7,Maple/Beech/Birch Group,3,0,Freshwater Forested/Shrub Wetland,4,1,14,Maple Forested,1,5/18/2016,-,-,-0.463964441,16139,
Green Mountain National Forest (Chittenden Reservoir),-,-,-,-,-,-,-,0,-,-,-,-,-,-,-,-,-,-,-,43.72,-72.92,14,-0.69,Interior,7,Oak/Hickory Group,1,0,Freshwater Pond,1,2,1,Oak Pond,3,8/29/2016,-,-,-0.198913669,16242,
Green Mountain National Forest (FR10-BP1),-,-,-,-,-,-,-,1,-,-,-,-,-,-,-,-,-,-,-,43.28,-72.87,9,-1.20,Interior,7,Oak/Hickory Group,1,0,Freshwater Pond,1,2,1,Oak Pond,3,5/18/2016,-,-,-0.463964441,16139,
Green Mountain National Forest (FR10-BP2),-,-,-,-,-,-,-,1,-,-,-,-,-,-,-,-,-,-,-,43.36,-72.9,11,-1.00,Interior,7,Oak/Hickory Group,1,0,Freshwater Forested/Shrub Wetland,4,1,9,Oak Forested,1,5/18/2016,-,-,-0.463964441,16139,
Green Mountain National Forest (Frost Pond),-,-,-,-,-,-,-,1,-,-,-,-,-,-,-,-,-,-,-,43.96,-73.01,9,-1.20,Interior,7,Maple/Beech/Birch Group,3,0,Freshwater Pond,1,2,4,Maple Pond,3,5/19/2016,-,-,-0.461391133,16140,
Green Mountain National Forest (Grout Pond),-,-,-,-,-,-,-,1,-,-,-,-,-,-,-,-,-,-,-,43.05,-72.95,17,-0.38,Water,8,Oak/Hickory Group,1,0,Freshwater Pond,1,2,1,Oak Pond,3,5/16/2016,-,-,-0.469111058,16137,
Green Mountain National Forest (Lefferts Pond),-,-,-,-,-,-,-,0,-,-,-,-,-,-,-,-,-,-,-,43.71946,-72.90433,9,-1.20,Interior,7,Maple/Beech/Birch Group,3,0,Lake,5,2,4,Maple Pond,3,8/29/2016,7/19/2017,-,-0.198913669,16242,
Green Mountain National Forest (Rt 11/30 Pond),-,-,-,-,-,-,-,1,-,-,-,-,-,-,-,-,-,-,-,43.21,-72.97,9,-1.20,Interior,7,Maple/Beech/Birch Group,3,0,Freshwater Pond,1,2,4,Maple Pond,3,5/18/2016,-,-,-0.463964441,16139,
Green Mountain National Forest (Stream 71),-,1,-,-,-,-,-,-,-,-,-,-,-,-,-,-,-,-,-,42.96335,-72.99416,11,-1.00,Interior,7,Oak/Hickory Group,1,0,Freshwater Forested/Shrub Wetland,4,1,9,Oak Forested,1,7/25/2017,-,-,2.281755695,17206,
Green Mountain National Forest (Swamp 325),-,1,-,-,-,-,-,-,-,-,-,-,-,-,-,-,-,-,-,42.9455,-72.99809,9,-1.20,Unlabeled,1,Maple/Beech/Birch Group,3,0,Freshwater Emergent Wetland,3,1,11,Maple Emergent,1,7/24/2017,-,-,2.279182387,17205,
Green Mountain National Forest (Swamp 73),-,1,-,-,-,-,-,-,-,-,-,-,-,-,-,-,-,-,-,42.83818,-73.04176,8,-1.31,Interior,7,Maple/Beech/Birch Group,3,0,Freshwater Forested/Shrub Wetland,4,1,14,Maple Forested,1,7/21/2017,-,-,2.271462461,17202,
Hampton Resevoir ,-,0,0,-,-,-,-,-,-,-,-,-,-,-,-,-,-,-,-,41.82369,-72.05727,14,-0.69,Interior,7,White/Red/Jack Pine Group,2,1,Lake,5,2,2,Pine Pond,4,6/23/2017,-,-,2.199409824,17174,
Harriman SF (7 L Pond),-,0,0,-,-,-,-,-,-,-,-,-,-,-,-,-,-,-,-,41.21657,-74.11066,18,-0.28,Edge,5,White/Red/Jack Pine Group,2,1,Freshwater Pond,1,2,2,Pine Pond,4,7/27/2016,-,-,-0.283832848,16209,
Harriman SF (Ka-wauke Lake),-,0,0,-,-,-,-,-,-,-,-,-,-,-,-,-,-,-,-,41.23401,-74.116,18,-0.28,Perforated,6,Oak/Hickory Group,1,0,Lake,5,2,1,Oak Pond,3,7/27/2016,-,-,-0.283832848,16209,
Harriman SF (Roadside Beaver Pond),-,0,0,-,-,-,-,-,-,-,-,-,-,-,-,-,-,-,-,41.22893,-74.14381,18,-0.28,Perforated,6,Oak/Hickory Group,1,0,Freshwater Emergent Wetland,3,1,5,Oak Emergent,1,7/27/2016,-,-,-0.283832848,16209,
Harriman SF (Silver Mine Lake),-,0,0,-,-,-,-,-,-,-,-,-,-,-,-,-,-,-,-,41.29464,-74.05909,18,-0.28,Edge,5,Maple/Beech/Birch Group,3,0,Lake,5,2,4,Maple Pond,3,7/27/2016,-,-,-0.283832848,16209,
Harriman SF (Skan-tai),-,0,0,-,-,-,-,-,-,-,-,-,-,-,-,-,-,-,-,41.2419,-74.10243,18,-0.28,Edge,5,Maple/Beech/Birch Group,3,0,Freshwater Forested/Shrub Wetland,4,1,14,Maple Forested,1,7/27/2016,-,-,-0.283832848,16209,
Harriman SF (Welch Lake),-,0,0,-,-,-,-,-,-,-,-,-,-,-,-,-,-,-,-,41.23627,-74.07313,18,-0.28,Edge,5,Maple/Beech/Birch Group,3,0,Freshwater Pond,1,2,4,Maple Pond,3,7/27/2016,-,-,-0.283832848,16209,
Herman Covey WMA (HC1),-,-,-,-,-,-,-,0,-,-,-,-,-,-,-,-,-,-,-,42.25,-72.34,18,-0.28,Perforated,6,White/Red/Jack Pine Group,2,1,Freshwater Forested/Shrub Wetland,4,1,12,Pine Forested,2,8/3/2016,-,-,-0.265819689,16216,
Higbee Beach (Cape May),-,-,-,-,-,-,-,0,-,-,-,-,-,-,-,-,-,-,-,38.95551994,-74.95781997,24,0.33,Unlabeled,1,Maple/Beech/Birch Group,3,0,Freshwater Pond,1,2,4,Maple Pond,3,5/4/2016,-,-,-0.49999076,16125,
Highland Lakes State Park (HL 5),-,-,-,-,-,-,-,1,-,-,-,-,-,-,-,-,-,-,-,41.49,-74.34,21,0.03,Perforated,6,White/Red/Jack Pine Group,2,1,Freshwater Pond,1,2,2,Pine Pond,4,7/26/2016,-,-,-0.286406157,16208,
Highland Lakes State Park (HSF 2),-,-,-,-,-,-,-,0,-,-,-,-,-,-,-,-,-,-,-,41.49,-74.34,21,0.03,Perforated,6,White/Red/Jack Pine Group,2,1,Freshwater Pond,1,2,2,Pine Pond,4,7/26/2016,-,-,-0.286406157,16208,
Highland Lakes State Park (HSF 3),-,-,-,-,-,-,-,0,-,-,-,-,-,-,-,-,-,-,-,41.5,-74.33,18,-0.28,Edge,5,Maple/Beech/Birch Group,3,0,Freshwater Forested/Shrub Wetland,4,1,14,Maple Forested,1,7/26/2016,-,-,-0.286406157,16208,
Highland Lakes State Park (HSF 4),-,-,-,-,-,-,-,0,-,-,-,-,-,-,-,-,-,-,-,41.49,-74.34,21,0.03,Perforated,6,White/Red/Jack Pine Group,2,1,Freshwater Pond,1,2,2,Pine Pond,4,7/26/2016,-,-,-0.286406157,16208,
Highland Lakes State Park (HSF 6),-,-,-,-,-,-,-,0,-,-,-,-,-,-,-,-,-,-,-,41.5,-74.33,18,-0.28,Edge,5,Maple/Beech/Birch Group,3,0,Freshwater Forested/Shrub Wetland,4,1,14,Maple Forested,1,7/26/2016,-,-,-0.286406157,16208,
Hinsdale WMA (HIN 1),-,-,-,-,-,-,-,1,-,-,-,-,-,-,-,-,-,-,-,42.39,-73.11,22,0.13,Interior,7,Oak/Hickory Group,1,0,Freshwater Emergent Wetland,3,1,5,Oak Emergent,1,6/7/2016,-,-,-0.412498272,16159,
Hiram H. Fox WMA (HHF 4),-,-,-,-,-,-,-,1,-,-,-,-,-,-,-,-,-,-,-,42.32,-72.9,14,-0.69,Interior,7,Oak/Hickory Group,1,0,Freshwater Forested/Shrub Wetland,4,1,9,Oak Forested,1,6/3/2016,-,-,-0.422791506,16155,
Hiram H. Fox WMA (HHF 5),-,-,-,-,-,-,-,0,-,-,-,-,-,-,-,-,-,-,-,42.33744898,-72.91167767,14,-0.69,Interior,7,Oak/Hickory Group,1,0,Freshwater Emergent Wetland,3,1,5,Oak Emergent,1,6/3/2016,-,-,-0.422791506,16155,
Hiram H. Fox WMA (HHF 6),-,-,-,-,-,-,-,1,-,-,-,-,-,-,-,-,-,-,-,42.33,-72.91,14,-0.69,Interior,7,Oak/Hickory Group,1,0,Freshwater Forested/Shrub Wetland,4,1,9,Oak Forested,1,6/3/2016,-,-,-0.422791506,16155,
Hiram H. Fox WMA (HHF 7),-,-,-,-,-,-,-,1,-,-,-,-,-,-,-,-,-,-,-,42.32,-72.9,14,-0.69,Interior,7,Oak/Hickory Group,1,0,Freshwater Forested/Shrub Wetland,4,1,9,Oak Forested,1,6/3/2016,-,-,-0.422791506,16155,
Hiriam H. Fox WMA (HHF 3),-,-,-,-,-,-,-,1,-,-,-,-,-,-,-,-,-,-,-,42.33094831,-72.90130621,14,-0.69,Interior,7,Oak/Hickory Group,1,0,Freshwater Pond,1,2,1,Oak Pond,3,6/3/2016,-,-,-0.422791506,16155,
Housatonic State Forest (HSF 2),-,-,-,-,-,-,-,1,-,-,-,-,-,-,-,-,-,-,-,41.92,-73.31,14,-0.69,Interior,7,Oak/Hickory Group,1,0,Freshwater Forested/Shrub Wetland,4,1,9,Oak Forested,1,5/31/2016,-,-,-0.430511431,16152,
Housatonic State Forest (HSF 3),-,-,-,-,-,-,-,0,-,-,-,-,-,-,-,-,-,-,-,41.91374107,-73.34178303,22,0.13,Interior,7,Oak/Hickory Group,1,0,Freshwater Forested/Shrub Wetland,4,1,9,Oak Forested,1,5/31/2016,-,-,-0.430511431,16152,
Housatonic State Forest (HSF 4),-,-,-,-,-,-,-,1,-,-,-,-,-,-,-,-,-,-,-,41.91,-73.34,14,-0.69,Interior,7,Oak/Hickory Group,1,0,Freshwater Forested/Shrub Wetland,4,1,9,Oak Forested,1,5/31/2016,-,-,-0.430511431,16152,
Ireland Brook Conservation Area (Pool 1),-,-,-,-,-,-,-,0,-,-,-,-,-,-,-,-,-,-,-,40.40911999,-74.45468995,34,1.36,Unlabeled,1,Maple/Beech/Birch Group,3,0,Pond,1,2,4,Maple Pond,3,5/3/2016,-,-,-0.502564068,16124,
Ireland Brook Conservation Area (Pool 3),-,-,-,-,-,-,-,0,-,-,-,-,-,-,-,-,-,-,-,40.41093442,-74.45557231,34,1.36,Unlabeled,1,Maple/Beech/Birch Group,3,0,Freshwater Forested/Shrub Wetland,4,1,14,Maple Forested,1,5/3/2016,-,-,-0.502564068,16124,
Jugtown Mountain (Pool 1),-,-,-,-,-,-,-,0,-,-,-,-,-,-,-,-,-,-,-,40.66835,-75.01353,30,0.95,Perforated,6,White/Red/Jack Pine Group,2,1,Freshwater Forested/Shrub Wetland,4,1,12,Pine Forested,2,4/11/2016,-,-,-0.559176855,16102,
Jugtown Mountain (Pool 2),-,-,-,-,-,-,-,0,-,-,-,-,-,-,-,-,-,-,-,40.66835,-75.01353,30,0.95,Perforated,6,White/Red/Jack Pine Group,2,1,Freshwater Forested/Shrub Wetland,4,1,12,Pine Forested,2,4/11/2016,-,-,-0.559176855,16102,
Jugtown Mountain (Pool 3),-,-,-,-,-,-,-,0,-,-,-,-,-,-,-,-,-,-,-,40.66835,-75.01353,30,0.95,Perforated,6,White/Red/Jack Pine Group,2,1,Freshwater Forested/Shrub Wetland,4,1,12,Pine Forested,2,4/11/2016,-,-,-0.559176855,16102,
kn5,-,1,-,-,-,-,-,-,-,-,-,-,-,-,-,-,-,-,-,39.79574,-77.23755,18,-0.28,Perforated,6,Oak/Hickory Group,1,0,Freshwater Emergent Wetland,3,1,5,Oak Emergent,1,5/4/2016,-,-,-0.49999076,16125,
Lake Frances,-,1,-,-,-,-,-,-,-,-,-,-,-,-,-,-,-,-,-,41.08805,-75.882,14,-0.69,Interior,7,Oak/Hickory Group,1,0,Freshwater Pond,1,2,1,Oak Pond,3,7/14/2016,-,-,-0.317285859,16196,
Lake Minnewaska beach,-,1,-,-,-,-,-,-,-,-,-,-,-,-,-,-,-,-,-,41.72743,-74.237763,22,0.13,Perforated,6,White/Red/Jack Pine Group,2,1,Lake,5,2,2,Pine Pond,4,6/28/2016,-,-,-0.358458794,16180,
Lake Shore Trail seep,-,1,-,-,-,-,-,-,-,-,-,-,-,-,-,-,-,-,-,41.35649,-77.35288,6,-1.51,Interior,7,Maple/Beech/Birch Group,3,0,Freshwater Emergent Wetland,3,1,11,Maple Emergent,1,5/9/2016,-,-,-0.487124218,16130,
Lake Superior overflow,-,1,-,-,-,-,-,-,-,-,-,-,-,-,-,-,-,-,-,41.654653,-74.868801,14,-0.69,Interior,7,Oak/Hickory Group,1,0,Lake,5,2,1,Oak Pond,3,6/27/2016,-,-,-0.361032103,16179,
Leonminster State Forest (Crocker Pond),-,-,-,-,-,-,-,0,-,-,-,-,-,-,-,-,-,-,-,42.53,-71.85441,14,-0.69,Perforated,6,White/Red/Jack Pine Group,2,1,Freshwater Forested/Shrub Wetland,4,1,12,Pine Forested,2,6/30/2016,-,-,-0.353312177,16182,
Leonminster State Forest (Crow Hill's Pond),-,-,-,-,-,-,-,0,-,-,-,-,-,-,-,-,-,-,-,42.52,-71.855404,14,-0.69,Edge,5,Maple/Beech/Birch Group,3,0,Freshwater Pond,1,2,4,Maple Pond,3,6/30/2016,-,-,-0.353312177,16182,
Leonminster State Forest (Rocky Pond),-,-,-,-,-,-,-,0,-,-,-,-,-,-,-,-,-,-,-,42.52,-71.836456,14,-0.69,Perforated,6,White/Red/Jack Pine Group,2,1,Freshwater Forested/Shrub Wetland,4,1,12,Pine Forested,2,6/30/2016,-,-,-0.353312177,16182,
Lily Pond WMA (LP 1),-,-,-,-,-,-,-,1,-,-,-,-,-,-,-,-,-,-,-,42.44,-72.83,18,-0.28,Interior,7,Oak/Hickory Group,1,0,Freshwater Forested/Shrub Wetland,4,1,9,Oak Forested,1,6/3/2016,-,-,-0.422791506,16155,
Little Pine reservoir,-,1,-,-,-,-,-,-,-,-,-,-,-,-,-,-,-,-,-,41.361128,-77.356937,6,-1.51,Interior,7,Oak/Hickory Group,1,0,Lake,5,2,1,Oak Pond,3,5/9/2016,-,-,-0.487124218,16130,
Long Mountain WMA (Hayden Swamp Pond),-,1,-,-,-,-,-,-,-,-,-,-,-,-,-,-,-,-,-,42.23441,-73.13612,18,-0.28,Interior,7,Oak/Hickory Group,1,0,Freshwater Emergent Wetland,3,1,5,Oak Emergent,1,7/13/2017,-,-,2.250875994,17194,
Long Pond Iron Works State Park (Iron Pond 2),0,-,-,-,-,-,-,-,-,-,-,-,-,-,-,-,-,-,-,41.17662,-74.31755,14,-0.69,Interior,7,Oak/Hickory Group,1,0,Wetland,2,1,3,Oak Other,6,4/15/2016,-,-,-0.548883621,16106,
Long Pond Iron Works State Park (Iron Pond 3),0,-,-,-,-,-,-,-,-,-,-,-,-,-,-,-,-,-,-,41.17682,-74.31826,14,-0.69,Interior,7,Oak/Hickory Group,1,0,Wetland,2,1,3,Oak Other,6,4/15/2016,-,-,-0.548883621,16106,
Long Pond Iron Works State Park (Iron Pond 4),0,-,-,-,-,-,-,-,-,-,-,-,-,-,-,-,-,-,-,41.17626,-74.3174,14,-0.69,Interior,7,Oak/Hickory Group,1,0,Wetland,2,1,3,Oak Other,6,4/15/2016,-,-,-0.548883621,16106,
Lower Lake,-,1,-,-,-,-,-,-,-,-,-,-,-,-,-,-,-,-,-,41.31508,-75.23375,14,-0.69,Interior,7,White/Red/Jack Pine Group,2,1,Lake,5,2,2,Pine Pond,4,6/9/2016,-,-,-0.407351655,16161,
MacLeish Field Station (MAC),-,-,-,-,-,-,-,-,-,1,-,-,-,-,-,-,-,-,-,42.46,-72.68,18,-0.28,Perforated,6,White/Red/Jack Pine Group,2,1,Freshwater Forested/Shrub Wetland,4,1,12,Pine Forested,2,4/13/2016,-,-,-0.554030238,16104,
Mahlon Dickerson Reservation (Dickerson 1),-,-,-,-,-,-,-,-,-,0,-,-,-,-,-,-,-,-,-,40.98987,-74.58321,18,-0.28,Interior,7,Oak/Hickory Group,1,0,Freshwater Forested/Shrub Wetland,4,1,9,Oak Forested,1,5/2/2016,-,-,-0.505137377,16123,
Mahlon Dickerson Reservation (Dickerson 2),-,-,-,-,-,-,-,-,-,0,-,-,-,-,-,-,-,-,-,40.99033,-74.58359,18,-0.28,Interior,7,Oak/Hickory Group,1,0,Freshwater Forested/Shrub Wetland,4,1,9,Oak Forested,1,5/2/2016,-,-,-0.505137377,16123,
Mattatuck SF (Wilton Pond),-,0,0,-,-,-,-,-,-,-,-,-,-,-,-,-,-,-,-,41.64495,-73.06164,32,1.15,Perforated,6,White/Red/Jack Pine Group,2,1,Freshwater Pond,1,2,2,Pine Pond,4,4/27/2016,-,-,-0.518003919,16118,16319.2988
Merrill Pond (Merrill Pond),-,-,-,-,-,-,-,0,-,-,-,-,-,-,-,-,-,-,-,42.140131,-71.794239,14,-0.69,Perforated,6,Oak/Hickory Group,1,0,Lake,5,2,1,Oak Pond,3,6/17/2016,-,-,-0.386765187,16169,
Meshomasic State Forest (MSF 2),-,-,-,-,-,-,-,-,-,1,-,-,-,-,-,-,-,-,-,41.38,-72.49,26,0.54,Interior,7,Oak/Hickory Group,1,0,Freshwater Forested/Shrub Wetland,4,1,9,Oak Forested,1,4/27/2016,-,-,-0.518003919,16118,
Meshomasic State Forest (MSF 5),-,-,-,-,-,-,-,1,-,-,-,-,-,-,-,-,-,-,-,41.62,-72.56,18,-0.28,Interior,7,Oak/Hickory Group,1,0,Freshwater Forested/Shrub Wetland,4,1,9,Oak Forested,1,4/27/2016,-,-,-0.518003919,16118,
Millers River WMA (MIL 1),-,-,-,-,-,-,-,0,-,-,-,-,-,-,-,-,-,-,-,42.59,-72.19,36,1.56,Interior,7,Oak/Hickory Group,1,0,Freshwater Emergent Wetland,3,1,5,Oak Emergent,1,6/16/2016,-,-,-0.389338496,16168,
Montague WMA Bill's Bog,-,-,-,-,-,-,-,1,-,-,-,-,-,-,-,-,-,-,-,42.515296,-72.527855,26,0.54,Interior,7,Oak/Hickory Group,1,0,Freshwater Pond,1,2,1,Oak Pond,3,4/12/2016,-,-,-0.556603546,16103,
Morey Pond ,-,0,0,-,-,-,-,-,-,-,-,-,-,-,-,-,-,-,-,41.96601,-72.19354,17,-0.38,Interior,7,Oak/Hickory Group,1,0,Freshwater Pond,1,2,1,Oak Pond,3,5/19/2017,-,-,2.109344028,17139,
National Arboretum (Pool 1),-,-,-,-,-,-,-,-,-,0,-,-,-,-,-,-,-,-,-,38.90614056,-76.97216037,56,3.61,Unlabeled,1,Oak/Hickory Group,1,0,Freshwater Emergent Wetland,3,1,5,Oak Emergent,1,3/25/2016,-,-,-0.602923099,16085,
National Arboretum (Pool 2),-,-,-,-,-,-,-,-,-,0,-,-,-,-,-,-,-,-,-,38.90662638,-76.97165544,56,3.61,Unlabeled,1,Oak/Hickory Group,1,0,Freshwater Pond,1,2,1,Oak Pond,3,4/27/2016,-,-,-0.518003919,16118,
National Arboretum (Pool 3),-,-,-,-,-,-,-,-,-,0,-,-,-,-,-,-,-,-,-,38.90675101,-76.97140977,56,3.61,Unlabeled,1,Oak/Hickory Group,1,0,Freshwater Pond,1,2,1,Oak Pond,3,4/27/2016,-,-,-0.518003919,16118,
Naugatuck State Forest (NAU 3),-,-,-,-,-,-,-,1,-,-,-,-,-,-,-,-,-,-,-,41.45,-73.09,14,-0.69,Undetermined,4,Oak/Hickory Group,1,0,Lake,5,2,1,Oak Pond,3,4/28/2016,-,-,-0.515430611,16119,
Nehantic State Forest (NEH 1),-,-,-,-,-,-,-,0,-,-,-,-,-,-,-,-,-,-,-,41.46205299,-72.25033132,22,0.13,Interior,7,Oak/Hickory Group,1,0,Freshwater Pond,1,2,1,Oak Pond,3,5/2/2016,-,-,-0.505137377,16123,
Nehantic State Forest (NEH 10),-,-,-,-,-,-,-,1,-,-,-,-,-,-,-,-,-,-,-,41.39,-72.31,22,0.13,Interior,7,Oak/Hickory Group,1,0,Freshwater Forested/Shrub Wetland,4,1,9,Oak Forested,1,5/2/2016,-,-,-0.505137377,16123,
Nehantic State Forest (NEH 5),-,-,-,-,-,-,-,1,-,-,-,-,-,-,-,-,-,-,-,41.44,-72.26,22,0.13,Interior,7,Oak/Hickory Group,1,0,Freshwater Forested/Shrub Wetland,4,1,9,Oak Forested,1,5/2/2016,-,-,-0.505137377,16123,
Nehantic State Forest (NEH 6),-,-,-,-,-,-,-,1,-,-,-,-,-,-,-,-,-,-,-,41.44,-72.27,22,0.13,Interior,7,Oak/Hickory Group,1,0,Freshwater Forested/Shrub Wetland,4,1,9,Oak Forested,1,5/2/2016,-,-,-0.505137377,16123,
Nehantic State Forest (NEH 7),-,-,-,-,-,-,-,1,-,-,-,-,-,-,-,-,-,-,-,41.42,-72.26,22,0.13,Interior,7,Oak/Hickory Group,1,0,Freshwater Forested/Shrub Wetland,4,1,9,Oak Forested,1,5/2/2016,-,-,-0.505137377,16123,
Nehantic State Forest (NEH 8),-,-,-,-,-,-,-,0,-,-,-,-,-,-,-,-,-,-,-,41.42,-72.26,22,0.13,Interior,7,Oak/Hickory Group,1,0,Freshwater Forested/Shrub Wetland,4,1,9,Oak Forested,1,5/2/2016,-,-,-0.505137377,16123,
Nehantic State Forest (NEH 9),-,-,-,-,-,-,-,1,-,-,-,-,-,-,-,-,-,-,-,41.39,-72.31,22,0.13,Interior,7,Oak/Hickory Group,1,0,Freshwater Forested/Shrub Wetland,4,1,9,Oak Forested,1,5/2/2016,-,-,-0.505137377,16123,
Nehantic State Forest (Norwhich Pond),-,-,-,-,-,-,-,0,-,-,-,-,-,-,-,-,-,-,-,41.385743,-72.30197,22,0.13,Interior,7,Elm/Ash/Cottonwood Group,4,0,Lake,5,2,7,Other Pond,3,5/2/2016,8/9/2016,8/10/2016,-0.505137377,16123,
Nehantic State Forest (Uncas Lake),-,-,-,-,-,-,-,1,-,-,-,-,-,-,-,-,-,-,-,41.376215,-72.313479,22,0.13,Interior,7,White/Red/Jack Pine Group,2,1,Lake,5,2,2,Pine Pond,4,8/9/2016,8/10/2016,-,-0.250379838,16222,
Nescopeck Beaver Pond,-,1,-,-,-,-,-,-,-,-,-,-,-,-,-,-,-,-,-,41.08766,-75.8746,14,-0.69,Interior,7,Loblolly/Shortleaf Pine Group,2,1,Freshwater Pond,1,2,2,Pine Pond,4,7/14/2016,-,-,-0.317285859,16196,
Norvin Green (Marsh 1) ,0,-,-,-,-,-,-,-,-,-,-,-,-,-,-,-,-,-,-,41.05272,-74.05272,52,3.20,Unlabeled,1,Oak/Hickory Group,1,0,Freshwater Forested/Shrub Wetland,4,1,9,Oak Forested,1,4/14/2016,-,-,-0.551456929,16105,
Norvin Green (Pool 1),0,-,-,-,-,-,-,-,-,-,-,-,-,-,-,-,-,-,-,41.05322,-74.3753,14,-0.69,Perforated,6,Oak/Hickory Group,1,0,Wetland,2,1,3,Oak Other,6,4/14/2016,-,-,-0.551456929,16105,
Orange WMA (Orange Pond),-,0,-,-,-,-,-,-,-,-,-,-,-,-,-,-,-,-,-,42.6224,-72.29247,14,-0.69,Perforated,6,Spruce/Fir Group,4,1,Freshwater Emergent Wetland,3,1,13,Other Emergent,2,7/17/2017,-,-,2.261169228,17198,
Oxbow-tio-l Wildlife Refuge (Beaver Pond),-,-,-,-,-,-,-,0,-,-,-,-,-,-,-,-,-,-,-,42.51,-71.61,22,0.13,Interior,7,Oak/Hickory Group,1,0,Pond,1,2,1,Oak Pond,3,6/10/2016,-,-,-0.404778347,16162,
Oxbow-tio-l Wildlife Refuge (Clay Pond),-,-,-,-,-,-,-,0,-,-,-,-,-,-,-,-,-,-,-,42.51,-71.62,22,0.13,Interior,7,White/Red/Jack Pine Group,2,1,Freshwater Emergent Wetland,3,1,8,Pine Emergent,2,6/10/2016,-,-,-0.404778347,16162,
Oxbow-tio-l Wildlife Refuge (Tank Road Wetland),-,-,-,-,-,-,-,0,-,-,-,-,-,-,-,-,-,-,-,42.5,-71.62,22,0.13,Interior,7,White/Red/Jack Pine Group,2,1,Freshwater Forested/Shrub Wetland,4,1,12,Pine Forested,2,6/10/2016,-,-,-0.404778347,16162,
Partridge Run (Fawn Lake),-,0,0,-,-,-,-,-,-,-,-,-,-,-,-,-,-,-,-,42.57465,-74.186,14,-0.69,Interior,7,Oak/Hickory Group,1,0,Pond,1,2,1,Oak Pond,3,5/17/2017,-,-,2.104197411,17137,
Partridge Run (White Birch Pond),-,1,1,-,-,-,-,-,-,-,-,-,-,-,-,-,-,-,-,42.56559,-74.15584,14,-0.69,Interior,7,Oak/Hickory Group,1,0,Freshwater Pond,1,2,1,Oak Pond,3,5/17/2017,-,-,2.104197411,17137,
Penwood SP (Lake Louise),-,0,0,-,-,-,-,-,-,-,-,-,-,-,-,-,-,-,-,41.8613,-72.7787,34,1.36,Perforated,6,Oak/Hickory Group,1,0,Freshwater Forested/Shrub Wetland,4,1,9,Oak Forested,1,6/23/2017,-,-,2.199409824,17174,
Penwood SP (Penwood Pond),-,0,1,-,-,-,-,-,-,-,-,-,-,-,-,-,-,-,-,41.8572,-72.7769,34,1.36,Perforated,6,Oak/Hickory Group,1,0,Freshwater Pond,1,2,1,Oak Pond,3,6/23/2017,-,-,2.199409824,17174,
Perkins Pond WMA (Perkins Pond),-,-,-,-,-,-,-,0,-,-,-,-,-,-,-,-,-,-,-,43.41071,-72.11348,14,-0.69,Interior,7,Oak/Hickory Group,1,0,Lake,5,2,1,Oak Pond,3,6/13/2016,-,-,-0.397058421,16165,
Peru WMA (Peru 1),-,-,-,-,-,-,-,1,-,-,-,-,-,-,-,-,-,-,-,42.44,-73.03,14,-0.69,Interior,7,Oak/Hickory Group,1,0,Freshwater Forested/Shrub Wetland,4,1,9,Oak Forested,1,6/7/2016,-,-,-0.412498272,16159,
Peterson WMA (PETE),-,-,-,-,-,-,-,1,-,-,-,-,-,-,-,-,-,-,-,42.9,-72.02,18,-0.28,Interior,7,Oak/Hickory Group,1,0,Freshwater Emergent Wetland,3,1,5,Oak Emergent,1,6/14/2016,-,-,-0.394485113,16166,
Phillipston WMA (PHIL 1),-,-,-,-,-,-,-,1,-,-,-,-,-,-,-,-,-,-,-,42.54,-72.1,14,-0.69,Interior,7,White/Red/Jack Pine Group,2,1,Freshwater Emergent Wetland,3,1,8,Pine Emergent,2,6/10/2016,-,-,-0.404778347,16162,
Popple Camp WMA (POP),-,-,-,-,-,-,-,1,-,-,-,-,-,-,-,-,-,-,-,42.51,-72.15,14,-0.69,Interior,7,Maple/Beech/Birch Group,3,0,Freshwater Forested/Shrub Wetland,4,1,14,Maple Forested,1,6/16/2016,-,-,-0.389338496,16168,
Powder Mill WMA (POW 1),-,-,-,-,-,-,-,1,-,-,-,-,-,-,-,-,-,-,-,42.988609,-71.930173,26,0.54,Interior,7,Oak/Hickory Group,1,0,Lake,5,2,1,Oak Pond,3,6/14/2016,-,-,-0.394485113,16166,
Prentiss Pond,-,0,-,-,-,-,-,-,-,-,-,-,-,-,-,-,-,-,-,43.25216,-73.10596,18,-0.28,Interior,7,Oak/Hickory Group,1,0,Freshwater Pond,1,2,1,Oak Pond,3,5/18/2016,-,-,-0.463964441,16139,
Promised Land Lake,-,1,-,-,-,-,-,-,-,-,-,-,-,-,-,-,-,-,-,41.31405,-75.18548,14,-0.69,Interior,7,Oak/Hickory Group,1,0,Lake,5,2,1,Oak Pond,3,6/9/2016,6/10/2016,-,-0.407351655,16161,
PRWI (Carter's Pond),-,-,-,-,-,-,-,-,-,-,1,1,0,1,-,-,-,-,-,38.56,-77.36672,21,0.03,Perforated,6,White/Red/Jack Pine Group,2,1,Freshwater Pond,1,2,2,Pine Pond,4,6/3/2016,-,-,-0.422791506,16155,
PRWI (Lake 1),-,1,-,-,-,-,-,-,-,-,-,-,-,-,-,-,-,-,-,38.59,-77.35866,31,1.05,Transitional,2,Maple/Beech/Birch Group,3,0,Lake,5,2,4,Maple Pond,3,6/3/2016,-,-,-0.422791506,16155,
PRWI (Lake 3),-,1,1,-,-,-,-,-,-,-,1,1,0,1,0,0,0,0,-,38.56,-77.35697,21,0.03,Water,8,Oak/Hickory Group,1,0,Lake,5,2,1,Oak Pond,3,6/3/2016,-,-,-0.422791506,16155,
PRWI (Mawavi Pond),-,1,-,-,-,-,-,-,-,-,1,0,0,0,0,0,0,0,0,38.58,-77.41169,18,-0.28,Edge,5,Oak/Hickory Group,1,0,Freshwater Pond,1,2,1,Oak Pond,3,6/3/2016,-,-,-0.422791506,16155,
PWRC (4I-1),-,1,-,-,-,-,-,-,-,-,1,1,1,1,1,1,1,-,-,39.07,-76.82,31,1.05,Transitional,2,Oak/Hickory Group,1,0,Freshwater Forested/Shrub Wetland,4,1,9,Oak Forested,1,4/1/2016,-,-,-0.584909939,16092,
PWRC (60A),-,1,0,-,-,-,-,-,-,-,-,-,-,-,-,-,-,-,-,39.08,-76.79755996,31,1.05,Edge,5,Oak/Hickory Group,1,0,Freshwater Forested/Shrub Wetland,4,1,9,Oak Forested,1,5/25/2016,-,-,-0.445951282,16146,
Quabog WMA (QUA 1),-,-,-,-,-,-,-,0,-,-,-,-,-,-,-,-,-,-,-,42.21,-72.12,26,0.54,Unlabeled,1,Maple/Beech/Birch Group,3,0,Freshwater Emergent Wetland,3,1,11,Maple Emergent,1,6/15/2016,-,-,-0.391911804,16167,
Quacumquasit WMA (QUC 1),-,-,-,-,-,-,-,0,-,-,-,-,-,-,-,-,-,-,-,42.19,-72.07,14,-0.69,Interior,7,Oak/Hickory Group,1,0,Freshwater Emergent Wetland,3,1,5,Oak Emergent,1,6/15/2016,-,-,-0.391911804,16167,
Ramapo Mountain State Forest (Bog),-,-,-,-,-,-,-,0,-,-,-,-,-,-,-,-,-,-,-,41.03492,-74.26472,40,1.97,Unlabeled,1,Oak/Hickory Group,1,0,Freshwater Emergent Wetland,3,1,5,Oak Emergent,1,5/2/2017,-,-,2.065597784,17122,
Ramapo Mountain State Forest (Pool 1),-,-,-,-,-,-,-,0,-,-,-,-,-,-,-,-,-,-,-,41.04062,-74.26649,40,1.97,Unlabeled,1,Oak/Hickory Group,1,0,Freshwater Pond,1,2,1,Oak Pond,3,5/2/2017,-,-,2.065597784,17122,
Ramapo Mountain State Forest (Pool 2),-,-,-,-,-,-,-,0,-,-,-,-,-,-,-,-,-,-,-,41.03277,-74.27038,40,1.97,Unlabeled,1,White/Red/Jack Pine Group,2,1,Freshwater Forested/Shrub Wetland,4,1,12,Pine Forested,2,5/2/2017,-,-,2.065597784,17122,
Ramapo Mountain State Forest (Pool 3),-,-,-,-,-,-,-,0,-,-,-,-,-,-,-,-,-,-,-,41.03112,-74.27161,40,1.97,Unlabeled,1,Oak/Hickory Group,1,0,Freshwater Forested/Shrub Wetland,4,1,9,Oak Forested,1,5/2/2017,-,-,2.065597784,17122,
Ramapo Mountain State Forest (Pool 4),-,-,-,-,-,-,-,0,-,-,-,-,-,-,-,-,-,-,-,41.03218,-74.2683,40,1.97,Unlabeled,1,Oak/Hickory Group,1,0,Freshwater Forested/Shrub Wetland,4,1,9,Oak Forested,1,5/2/2017,-,-,2.065597784,17122,
Ramapo Mountain State Forest (Pool 5),-,-,-,-,-,-,-,0,-,-,-,-,-,-,-,-,-,-,-,41.03397,-74.26686,40,1.97,Unlabeled,1,Oak/Hickory Group,1,0,Freshwater Forested/Shrub Wetland,4,1,9,Oak Forested,1,5/2/2017,-,-,2.065597784,17122,
Richardson WMA (RICH),-,-,-,-,-,-,-,1,-,-,-,-,-,-,-,-,-,-,-,42.23,-72.11,14,-0.69,Undetermined,4,Oak/Hickory Group,1,0,Freshwater Forested/Shrub Wetland,4,1,9,Oak Forested,1,6/15/2016,-,-,-0.391911804,16167,
Ricketts Glen 487 pond,-,1,-,-,-,-,-,-,-,-,-,-,-,-,-,-,-,-,-,41.349375,-76.298912,16,-0.49,Interior,7,White/Red/Jack Pine Group,2,1,Freshwater Pond,1,2,2,Pine Pond,4,8/9/2016,-,-,-0.250379838,16222,
Ricketts Glenn The Meadows,-,1,-,-,-,-,-,-,-,-,-,-,-,-,-,-,-,-,-,41.360047,-76.235489,14,-0.69,Interior,7,Oak/Hickory Group,1,0,Freshwater Pond,1,2,1,Oak Pond,3,8/9/2016,-,-,-0.250379838,16222,
Ringwood State Park (Pool 1),0,-,-,-,-,-,-,-,-,-,-,-,-,-,-,-,-,-,-,41.13833,-74.25542,14,-0.69,Interior,7,Loblolly/Shortleaf Pine Group,2,1,Freshwater Pond,1,2,2,Pine Pond,4,5/2/2017,-,-,2.065597784,17122,
Rockaway Pool 1,-,-,-,-,-,-,-,0,-,-,-,-,-,-,-,-,-,-,-,40.98390717,-74.56479322,18,-0.28,Interior,7,Oak/Hickory Group,1,0,Freshwater Forested/Shrub Wetland,4,1,9,Oak Forested,1,5/2/2016,-,-,-0.505137377,16123,
Rockaway River WMA (Pool 2),-,-,-,-,-,-,-,0,-,-,-,-,-,-,-,-,-,-,-,40.98287995,-74.55432999,18,-0.28,Interior,7,White/Red/Jack Pine Group,2,1,Freshwater Forested/Shrub Wetland,4,1,12,Pine Forested,2,5/2/2016,-,-,-0.505137377,16123,
Ryan WMA (RYA 1),-,-,-,-,-,-,-,0,-,-,-,-,-,-,-,-,-,-,-,42.9,-72.12,14,-0.69,Interior,7,Loblolly/Shortleaf Pine Group,2,1,Freshwater Forested/Shrub Wetland,4,1,12,Pine Forested,2,6/14/2016,-,-,-0.394485113,16166,
Scotia SC37,-,1,-,-,-,-,-,-,-,-,-,-,-,-,-,-,-,-,-,40.78031,-78.0039,14,-0.69,Edge,5,Oak/Hickory Group,1,0,Freshwater Emergent Wetland,3,1,5,Oak Emergent,1,5/10/2016,-,-,-0.484550909,16131,
Scotia SC66,-,1,-,-,-,-,-,-,-,-,-,-,-,-,-,-,-,-,-,40.80091,-77.94447,27,0.64,Unlabeled,1,Oak/Hickory Group,1,0,Freshwater Pond,1,2,1,Oak Pond,3,5/10/2016,-,-,-0.484550909,16131,
Scotia Ten Acre Pond,-,1,-,-,-,-,-,-,-,-,-,-,-,-,-,-,-,-,-,40.80091,-77.94447,27,0.64,Unlabeled,1,Loblolly/Shortleaf Pine Group,2,1,Freshwater Pond,1,2,2,Pine Pond,4,5/10/2016,-,-,-0.484550909,16131,
Shales Brook WMA (SB 1),-,-,-,-,-,-,-,1,-,-,-,-,-,-,-,-,-,-,-,42.25,-73.15,18,-0.28,Interior,7,Oak/Hickory Group,1,0,Freshwater Forested/Shrub Wetland,4,1,9,Oak Forested,1,6/1/2016,-,-,-0.427938123,16153,
SHEN Pignut,-,1,1,-,-,-,-,-,-,-,-,-,-,-,-,-,-,-,-,38.71,-78.25,14,-0.69,Interior,7,Loblolly/Shortleaf Pine Group,2,1,Wetland,2,1,3,Pine Other,5,3/1/2016,-,-,-0.664682502,16061,
Sklopek Rd Pond,-,0,0,-,-,-,-,-,-,-,-,-,-,-,-,-,-,-,-,42.01963,-72.18653,14,-0.69,Interior,7,Oak/Hickory Group,1,0,Freshwater Emergent Wetland,3,1,5,Oak Emergent,1,6/23/2017,-,-,2.199409824,17174,
Squan-cook River WMA (SQU 1),-,-,-,-,-,-,-,0,-,-,-,-,-,-,-,-,-,-,-,42.68,-71.75,14,-0.69,Interior,7,Oak/Hickory Group,1,0,Freshwater Emergent Wetland,3,1,5,Oak Emergent,1,6/8/2016,-,-,-0.409924963,16160,
Stephens & Allamuchy Mt. SP (Budd Pond 10),0,-,-,-,-,-,-,-,-,-,-,-,-,-,-,-,-,-,-,40.89275,-74.75156,25,0.44,Perforated,6,White/Red/Jack Pine Group,2,1,Freshwater Forested/Shrub Wetland,4,1,12,Pine Forested,2,4/11/2016,-,-,-0.559176855,16102,
Stephens & Allamuchy Mt. SP (Budd Pond 1B),-,1,1,-,-,-,-,-,-,-,-,-,-,-,-,-,-,-,-,40.89,-74.75356,25,0.44,Perforated,6,White/Red/Jack Pine Group,2,1,Freshwater Forested/Shrub Wetland,4,1,12,Pine Forested,2,4/11/2016,-,-,-0.559176855,16102,
Stephens & Allamuchy Mt. SP (Budd Pond 2),-,-,-,-,-,-,-,0,-,-,-,-,-,-,-,-,-,-,-,40.89216,-74.75259,25,0.44,Perforated,6,White/Red/Jack Pine Group,2,1,Freshwater Forested/Shrub Wetland,4,1,12,Pine Forested,2,4/11/2016,-,-,-0.559176855,16102,
Stephens & Allamuchy Mt. SP (Budd Pond 3),0,-,-,-,-,-,-,-,-,-,-,-,-,-,-,-,-,-,-,40.89344,-74.75544,25,0.44,Perforated,6,White/Red/Jack Pine Group,2,1,Freshwater Forested/Shrub Wetland,4,1,12,Pine Forested,2,4/11/2016,-,-,-0.559176855,16102,
Stephens & Allamuchy Mt. SP (Budd Pond 4),0,-,-,-,-,-,-,-,-,-,-,-,-,-,-,-,-,-,-,40.89456,-74.75591,25,0.44,Perforated,6,White/Red/Jack Pine Group,2,1,Freshwater Forested/Shrub Wetland,4,1,12,Pine Forested,2,4/11/2016,-,-,-0.559176855,16102,
Stephens & Allamuchy Mt. SP (Budd Pond 5),-,1,1,-,-,-,-,-,-,-,-,-,-,-,-,-,-,-,-,40.89,-74.75566,25,0.44,Perforated,6,White/Red/Jack Pine Group,2,1,Freshwater Forested/Shrub Wetland,4,1,12,Pine Forested,2,4/11/2016,-,-,-0.559176855,16102,
Stephens & Allamuchy Mt. SP (Budd Pond 6),0,-,-,-,-,-,-,-,-,-,-,-,-,-,-,-,-,-,-,40.89148,-74.75619,25,0.44,Perforated,6,White/Red/Jack Pine Group,2,1,Freshwater Forested/Shrub Wetland,4,1,12,Pine Forested,2,4/15/2016,-,-,-0.548883621,16106,
Stephens & Allamuchy Mt. SP (Budd Pond 7),-,1,0,-,-,-,-,-,-,-,-,-,-,-,-,-,-,-,-,40.89,-74.75658,25,0.44,Perforated,6,White/Red/Jack Pine Group,2,1,Freshwater Forested/Shrub Wetland,4,1,12,Pine Forested,2,4/11/2016,-,-,-0.559176855,16102,
Stephens & Allamuchy Mt. SP (Budd Pond 8),0,-,-,-,-,-,-,-,-,-,-,-,-,-,-,-,-,-,-,40.89232,-74.7574,25,0.44,Perforated,6,White/Red/Jack Pine Group,2,1,Freshwater Forested/Shrub Wetland,4,1,12,Pine Forested,2,4/11/2016,-,-,-0.559176855,16102,
Stephens & Allamuchy Mt. SP (Budd Pond 9),0,-,-,-,-,-,-,-,-,-,-,-,-,-,-,-,-,-,-,40.8919,-74.75446,25,0.44,Perforated,6,White/Red/Jack Pine Group,2,1,Freshwater Forested/Shrub Wetland,4,1,12,Pine Forested,2,4/11/2016,-,-,-0.559176855,16102,
Stephens & Allamuchy Mt. SP (Budd Pond),-,1,1,-,-,-,-,-,-,-,-,-,-,-,-,-,-,-,-,40.89,-74.75329,25,0.44,Perforated,6,White/Red/Jack Pine Group,2,1,Freshwater Forested/Shrub Wetland,4,1,12,Pine Forested,2,4/11/2016,-,-,-0.559176855,16102,
Sterling Forest (Blue Lake),-,-,-,-,-,-,-,0,-,-,-,-,-,-,-,-,-,-,-,41.225816,-74.217989,18,-0.28,Interior,7,White/Red/Jack Pine Group,2,1,Freshwater Pond,1,2,2,Pine Pond,4,7/27/2016,-,-,-0.283832848,16209,
Sterling Forest (Four Corners Pond),-,-,-,-,-,-,-,0,-,-,-,-,-,-,-,-,-,-,-,41.22284,-74.22148,18,-0.28,Interior,7,White/Red/Jack Pine Group,2,1,Freshwater Pond,1,2,2,Pine Pond,4,7/27/2016,-,-,-0.283832848,16209,
Sterling Forest (SF 10),-,-,-,-,-,-,-,0,-,-,-,-,-,-,-,-,-,-,-,41.19,-74.25,14,-0.69,Interior,7,Oak/Hickory Group,1,0,Freshwater Forested/Shrub Wetland,4,1,9,Oak Forested,1,7/27/2016,-,-,-0.283832848,16209,
Sterling Forest (SF 6),-,-,-,-,-,-,-,0,-,-,-,-,-,1,-,-,-,-,-,41.21,-74.23,14,-0.69,Interior,7,Oak/Hickory Group,1,0,Freshwater Emergent Wetland,3,1,5,Oak Emergent,1,7/27/2016,-,-,-0.283832848,16209,
Sterling Forest (SF 7),-,-,-,-,-,-,-,0,-,-,-,-,-,-,-,-,-,-,-,41.21,-74.25,24,0.33,Interior,7,Oak/Hickory Group,1,0,Freshwater Forested/Shrub Wetland,4,1,9,Oak Forested,1,7/27/2016,-,-,-0.283832848,16209,
Sterling Forest (SF 8),-,-,-,-,-,-,-,0,-,-,-,-,-,-,-,-,-,-,-,41.21,-74.24,14,-0.69,Interior,7,Oak/Hickory Group,1,0,Freshwater Forested/Shrub Wetland,4,1,9,Oak Forested,1,7/27/2016,-,-,-0.283832848,16209,
Sterling Forest (SF 9),-,-,-,-,-,-,-,0,-,-,-,-,-,-,-,-,-,-,-,41.2,-74.25,14,-0.69,Interior,7,Oak/Hickory Group,1,0,Freshwater Emergent Wetland,3,1,5,Oak Emergent,1,7/27/2016,-,-,-0.283832848,16209,
Sterling Forest (Sterling Lake),-,-,-,-,-,-,-,0,-,-,-,-,-,-,-,-,-,-,-,41.207887,-74.258006,24,0.33,Interior,7,Oak/Hickory Group,1,0,Lake,5,2,1,Oak Pond,3,7/27/2016,-,-,-0.283832848,16209,
Sterling SF (Doris Duke Pond),-,0,0,-,-,-,-,-,-,-,-,-,-,-,-,-,-,-,-,41.25417,-74.2278,18,-0.28,Interior,7,White/Red/Jack Pine Group,2,1,Freshwater Forested/Shrub Wetland,4,1,12,Pine Forested,2,7/27/2016,-,-,-0.283832848,16209,
Sterling SF (Roadside Pond 1),-,0,0,-,-,-,-,-,-,-,-,-,-,-,-,-,-,-,-,41.21237,-74.23389,14,-0.69,Interior,7,Oak/Hickory Group,1,0,Freshwater Pond,1,2,1,Oak Pond,3,7/27/2016,-,-,-0.283832848,16209,
Stissing Mountain (Stissing Mountain Pond),-,1,1,-,-,-,-,-,-,-,-,-,-,-,-,-,-,-,-,41.93251,-73.70695,14,-0.69,Interior,7,Loblolly/Shortleaf Pine Group,2,1,Freshwater Forested/Shrub Wetland,4,1,12,Pine Forested,2,5/19/2017,-,-,2.109344028,17139,
Stokes Forest (Pool 1),-,1,-,-,-,-,-,-,-,-,-,-,-,-,-,-,-,-,-,41.2,-74.76863,18,-0.28,Interior,7,White/Red/Jack Pine Group,2,1,Freshwater Emergent Wetland,3,1,8,Pine Emergent,2,5/3/2017,-,-,2.068171092,17123,
Thayer Pond WMA (Thayer Pond),-,-,-,-,-,-,-,0,-,-,-,-,-,-,-,-,-,-,-,42.381183,-71.964181,14,-0.69,Perforated,6,Oak/Hickory Group,1,0,Freshwater Emergent Wetland,3,1,5,Oak Emergent,1,6/10/2016,-,-,-0.404778347,16162,
Tobyhan-bridge,-,1,-,-,-,-,-,-,-,-,-,-,-,-,-,-,-,-,-,41.21388,-75.40188,14,-0.69,Interior,7,White/Red/Jack Pine Group,2,1,Freshwater Emergent Wetland,3,1,8,Pine Emergent,2,5/11/2016,-,-,-0.481977601,16132,
Tobyhan-campground area,-,1,-,-,-,-,-,-,-,-,-,-,-,-,-,-,-,-,-,41.2108,-75.40255,14,-0.69,Interior,7,White/Red/Jack Pine Group,2,1,Lake,5,2,2,Pine Pond,4,5/11/2016,-,-,-0.481977601,16132,
Tobyhan-dam area,-,1,-,-,-,-,-,-,-,-,-,-,-,-,-,-,-,-,-,41.19815,-75.41077,14,-0.69,Interior,7,Oak/Hickory Group,1,0,Lake,5,2,1,Oak Pond,3,5/11/2016,-,-,-0.481977601,16132,
Tracy Pond (TP),-,-,-,-,-,-,-,1,-,-,-,-,-,-,-,-,-,-,-,42.42,-73.08,14,-0.69,Interior,7,Oak/Hickory Group,1,0,Freshwater Forested/Shrub Wetland,4,1,9,Oak Forested,1,6/7/2016,-,-,-0.412498272,16159,
Tunxis SF (Emmons Pond),-,0,0,-,-,-,-,-,-,-,-,-,-,-,-,-,-,-,-,42.0163,-72.9143,14,-0.69,Interior,7,Oak/Hickory Group,1,0,Freshwater Forested/Shrub Wetland,4,1,9,Oak Forested,1,6/23/2017,-,-,2.199409824,17174,
Tunxis SF (Emmons Pool),-,0,0,-,-,-,-,-,-,-,-,-,-,-,-,-,-,-,-,42.0165,-72.9143,14,-0.69,Interior,7,Oak/Hickory Group,1,0,Freshwater Forested/Shrub Wetland,4,1,9,Oak Forested,1,6/23/2017,-,-,2.199409824,17174,
Tunxis SF (Howell's Pond),-,1,0,-,-,-,-,-,-,-,-,-,-,-,-,-,-,-,-,42.0215,-72.99146,14,-0.69,Interior,7,Oak/Hickory Group,1,0,Pond,1,2,1,Oak Pond,3,6/23/2017,-,-,2.199409824,17174,
Tunxis SF (Stillman Pond),-,1,1,-,-,-,-,-,-,-,-,-,-,-,-,-,-,-,-,42.02923,-72.98553,14,-0.69,Interior,7,Oak/Hickory Group,1,0,Freshwater Pond,1,2,1,Oak Pond,3,6/6/2017,-,-,2.15566358,17157,
Turtletown Pond WMA (Turtletown Pond),-,-,-,-,-,-,-,0,-,-,-,-,-,-,-,-,-,-,-,43.254509,-71.518111,31,1.05,Edge,5,Oak/Hickory Group,1,0,Lake,5,2,1,Oak Pond,3,8/1/2016,-,-,-0.270966306,16214,
Wallkill NWR (Eagen Annex Pools),-,-,-,-,-,-,-,0,-,-,-,-,-,-,-,-,-,-,-,41.185825,-74.573788,34,1.36,Perforated,6,White/Red/Jack Pine Group,2,1,Freshwater Forested/Shrub Wetland,4,1,12,Pine Forested,2,4/12/2016,-,-,-0.556603546,16103,
Wallkill NWR (Eagen Pond 2),-,-,-,-,-,-,-,0,-,-,-,-,-,-,-,-,-,-,-,41.185597,-74.573788,34,1.36,Perforated,6,White/Red/Jack Pine Group,2,1,Freshwater Forested/Shrub Wetland,4,1,12,Pine Forested,2,4/12/2016,-,-,-0.556603546,16103,
Wallkill NWR (Eagen Pond),-,1,-,-,-,-,-,-,-,-,1,1,1,1,1,-,-,-,-,41.19,-74.569521,34,1.36,Perforated,6,White/Red/Jack Pine Group,2,1,Freshwater Emergent Wetland,3,1,8,Pine Emergent,2,4/12/2016,-,-,-0.556603546,16103,
Wallkill NWR (Kosh Farm),-,-,-,-,-,-,-,-,-,-,1,0,-,-,-,-,-,-,-,41.24,-74.54466,18,-0.28,Perforated,6,Oak/Hickory Group,1,0,Freshwater Forested/Shrub Wetland,4,1,9,Oak Forested,1,4/12/2016,-,-,-0.556603546,16103,
Wallkill NWR (Pochung Pool),-,-,-,-,-,-,-,-,-,0,-,-,-,-,-,-,-,-,-,41.19262,-74.55384,31,1.05,Perforated,6,White/Red/Jack Pine Group,2,1,Freshwater Forested/Shrub Wetland,4,1,12,Pine Forested,2,4/12/2016,-,-,-0.556603546,16103,
Wendell State Forest (Ruggles Pond),-,-,-,-,-,-,-,1,-,-,-,-,-,-,-,-,-,-,-,42.54,-72.45,18,-0.28,Interior,7,Oak/Hickory Group,1,0,Freshwater Pond,1,2,1,Oak Pond,3,4/18/2016,-,-,-0.541163695,16109,
Wendell State Forest (Wickett Pond),-,-,-,-,-,-,-,1,-,-,-,-,-,-,-,-,-,-,-,42.55,-72.43,18,-0.28,Interior,7,Oak/Hickory Group,1,0,Freshwater Pond,1,2,1,Oak Pond,3,4/18/2016,-,-,-0.541163695,16109,
Wharton State Forest (Point/Pool 2),-,-,-,-,-,-,-,0,-,-,-,-,-,-,-,-,-,-,-,39.73035,-74.69892,7,-1.41,Patch,3,Oak/Hickory Group,1,0,Freshwater Emergent Wetland,3,1,5,Oak Emergent,1,5/1/2017,-,-,2.063024475,17121,
Wharton State Forest (Pool 1/Point 1),-,-,-,-,-,-,-,0,-,-,-,-,-,-,-,-,-,-,-,39.69032,-74.63621,6,-1.51,Unlabeled,1,Loblolly/Shortleaf Pine Group,2,1,Freshwater Emergent Wetland,3,1,8,Pine Emergent,2,5/1/2017,-,-,2.063024475,17121,
Wharton State Forest (Pool 1B),-,-,-,-,-,-,-,0,-,-,-,-,-,-,-,-,-,-,-,39.70464,-74.65249,6,-1.51,Unlabeled,1,Loblolly/Shortleaf Pine Group,2,1,Freshwater Emergent Wetland,3,1,8,Pine Emergent,2,5/1/2017,-,-,2.063024475,17121,
Wharton State Forest (Pool 2B),-,-,-,-,-,-,-,0,-,-,-,-,-,-,-,-,-,-,-,39.72467,-74.67517,7,-1.41,Unlabeled,1,Loblolly/Shortleaf Pine Group,2,1,Freshwater Forested/Shrub Wetland,4,1,12,Pine Forested,2,5/1/2017,-,-,2.063024475,17121,
Wharton State Forest (Pool 2C),-,-,-,-,-,-,-,0,-,-,-,-,-,-,-,-,-,-,-,39.72486,-74.67676,7,-1.41,Unlabeled,1,Loblolly/Shortleaf Pine Group,2,1,Freshwater Forested/Shrub Wetland,4,1,12,Pine Forested,2,5/1/2017,-,-,2.063024475,17121,
Whittingham Wildlife Ma-gement Area (Pool 2),-,-,-,-,-,-,-,0,-,-,-,-,-,-,-,-,-,-,-,41.01682,-74.79826,22,0.13,Perforated,6,White/Red/Jack Pine Group,2,1,Freshwater Forested/Shrub Wetland,4,1,12,Pine Forested,2,5/3/2017,-,-,2.068171092,17123,
Whittingham Wildlife Ma-gement Area (Pool 3),-,-,-,-,-,-,-,0,-,-,-,-,-,-,-,-,-,-,-,41.01594,-74.80206,22,0.13,Perforated,6,White/Red/Jack Pine Group,2,1,Freshwater Emergent Wetland,3,1,8,Pine Emergent,2,5/3/2017,-,-,2.068171092,17123,
Wolf Swamp WMA (Cranberry Pond),-,-,-,-,-,-,-,0,-,-,-,-,-,-,-,-,-,-,-,42.180171,-72.092709,14,-0.69,Interior,7,Oak/Hickory Group,1,0,Freshwater Pond,1,2,1,Oak Pond,3,8/18/2016,-,-,-0.227220062,16231,
,,,,,,,,,,,,,,,,,,,,,mean,20.73705179,,,,,,,,,,,,,,,,,,
,,,,,,,,,,,,,,,,,,,,,sd,9.758000906,,,,,,,,,,,,,,,,,,
